id,requirement,value,target,status
R1,"Batch of 10 kg or more air-dry residue (packed or bundled feed, decided)","12.0 kg packed (loose straw 4.0 kg, excluded)",>= 10 kg,met
R2,Biochar 25 % or more of dry feed,28% (20% to 35%); 2.96 kg,>= 25 %,at risk
R3,"Core 450 °C or more for 30 min, logged",core at 450 °C 4.0 h after lighting (2.9 to 6.5 h) if the annulus is held at 650 °C,"450 °C, 30 min",at risk
R4,Burn the gas; smoke limits; CH4 below 24 g/kg char,routing closed by design; draft margin 3.2; emissions not calculable,< 24 g/kg,not verifiable at TRL 3
R5,Light to end of flaming 4 h or less; unload within 16 h,burn 4.5 h (3.4 to 7.0 h); unload after about 8 h,<= 4 h; <= 16 h,not met
R6,10 MJ or more into water per batch,6.4 MJ (4.9 to 9.2 MJ),>= 10 MJ,not met
R7,"Water circuit open to air, no sealing valve, tap at base, jacket on tripod",open vent and loose lid; tripod-carried,by design,met
R8,5 kg or less of dry wood per batch,5.8 kg (2.9 to 13.9); light-up alone 1.7 kg,<= 5 kg,not met
R9,"2 x type K, 0 to 1,000 °C, ±5 °C, 10 s, 24 h on a power bank",±3.4 °C to 700 °C with class 1 probes; above 700 °C unspecified; 6 of 31 Wh,±5 °C,at risk
R10,Parts $300 or less; safety kit listed separately (decided),$298,<= $300,met
R11,"Hand tools, one welded part, no lift above 25 kg per person",unit 43.3 kg for two (21.6 kg each); retort with char 15.2 kg,<= 25 kg,met
R12,Outlet 2.5 m or more; 5 m clearance; no galvanized hot parts,outlet 2.70 m; 0 galvanized lines,>= 2.5 m,met
